                  epoch,         train/box_loss,         train/cls_loss,         train/dfl_loss,   metrics/precision(B),      metrics/recall(B),       metrics/mAP50(B),    metrics/mAP50-95(B),           val/box_loss,           val/cls_loss,           val/dfl_loss,                 lr/pg0,                 lr/pg1,                 lr/pg2
                      1,                 1.5527,                  2.584,                 1.8814,                0.50484,                0.35308,                 0.7024,                0.29841,                 1.7818,                 2.9485,                 2.3855,             0.00046681,             0.00046681,             0.00046681
                      2,                 1.4797,                 1.9074,                 1.7668,                0.70552,                0.80633,                0.83042,                 0.3983,                 1.6114,                 2.2081,                 2.4079,             0.00088089,             0.00088089,             0.00088089
                      3,                 1.4591,                 1.7195,                 1.7311,                0.57578,                0.72251,                0.75122,                0.33483,                 2.0117,                 2.9164,                 3.0018,              0.0012321,              0.0012321,              0.0012321
                      4,                 1.4867,                 1.6332,                 1.7429,                 0.8665,                   0.77,                0.86244,                0.42386,                 1.6859,                  1.808,                 2.4046,              0.0011461,              0.0011461,              0.0011461
                      5,                 1.4304,                 1.4814,                 1.6984,                0.83711,                0.84617,                0.90139,                0.47826,                 1.6625,                 1.6345,                    2.2,              0.0010517,              0.0010517,              0.0010517
